DateTime	ResolutionCode	AreaCode	AreaTypeCode	AreaName	MapCode	TotalLoadValue	UpdateTime
2022-03-01 02:00:00.000	PT60M	10Y1001A1001B012	BZN	GE BZN	GE	1507.46	2022-03-01 05:16:16
2022-03-01 01:00:00.000	PT60M	10Y1001A1001B012	BZN	GE BZN	GE	1460.56	2022-03-01 04:16:49
2022-03-01 00:00:00.000	PT60M	10Y1001A1001B012	BZN	GE BZN	GE	1402.66	2022-03-01 03:16:20
2022-03-01 02:00:00.000	PT60M	10YAT-APG------L	BZN	AT BZN	AT	6260.8	2022-03-03 10:16:05
2022-03-01 01:00:00.000	PT60M	10YAT-APG------L	BZN	AT BZN	AT	6308.5	2022-03-03 10:16:05
2022-03-01 00:00:00.000	PT60M	10YAT-APG------L	BZN	AT BZN	AT	6400.9	2022-03-03 10:16:05
2022-03-01 02:00:00.000	PT60M	10YCS-SERBIATSOV	BZN	RS BZN	RS	3876.0	2022-03-02 08:01:24
2022-03-01 01:00:00.000	PT60M	10YCS-SERBIATSOV	BZN	RS BZN	RS	4047.0	2022-03-02 08:01:24
2022-03-01 00:00:00.000	PT60M	10YCS-SERBIATSOV	BZN	RS BZN	RS	4311.0	2022-03-02 08:01:24
2022-03-01 02:00:00.000	PT60M	10YDK-1--------W	BZN	DK1 BZN	DK1	2243.94	2022-03-01 04:46:09
2022-03-01 01:00:00.000	PT60M	10YDK-1--------W	BZN	DK1 BZN	DK1	2267.84	2022-03-01 03:46:09
2022-03-01 00:00:00.000	PT60M	10YDK-1--------W	BZN	DK1 BZN	DK1	2241.84	2022-03-01 02:46:08
2022-03-01 02:00:00.000	PT60M	10YNO-3--------J	BZN	NO3 BZN	NO3	3297.15	2022-03-01 05:01:12
2022-03-01 01:00:00.000	PT60M	10YNO-3--------J	BZN	NO3 BZN	NO3	3310.99	2022-03-01 04:01:08
2022-03-01 00:00:00.000	PT60M	10YNO-3--------J	BZN	NO3 BZN	NO3	3370.12	2022-03-01 03:01:12
2022-03-01 01:00:00.000	PT15M	10YRO-TEL------P	BZN	RO BZN	RO	6123.0	2022-03-01 02:31:04
2022-03-01 00:45:00.000	PT15M	10YRO-TEL------P	BZN	RO BZN	RO	6166.0	2022-03-01 02:16:18
2022-03-01 00:30:00.000	PT15M	10YRO-TEL------P	BZN	RO BZN	RO	6180.0	2022-03-01 02:01:20
2022-03-01 00:15:00.000	PT15M	10YRO-TEL------P	BZN	RO BZN	RO	6165.0	2022-03-01 01:46:05
2022-03-01 00:00:00.000	PT15M	10YRO-TEL------P	BZN	RO BZN	RO	6141.0	2022-03-01 01:30:58
2022-03-01 02:45:00.000	PT15M	10YRO-TEL------P	BZN	RO BZN	RO	6284.0	2022-03-01 04:16:56
2022-03-01 02:30:00.000	PT15M	10YRO-TEL------P	BZN	RO BZN	RO	6220.0	2022-03-01 04:01:14
2022-03-01 02:15:00.000	PT15M	10YRO-TEL------P	BZN	RO BZN	RO	6140.0	2022-03-01 03:46:07
2022-03-01 02:00:00.000	PT15M	10YRO-TEL------P	BZN	RO BZN	RO	6079.0	2022-03-01 03:31:04
2022-03-01 01:45:00.000	PT15M	10YRO-TEL------P	BZN	RO BZN	RO	6102.0	2022-03-01 03:16:30
2022-03-01 01:30:00.000	PT15M	10YRO-TEL------P	BZN	RO BZN	RO	6159.0	2022-03-01 03:01:15
2022-03-01 01:15:00.000	PT15M	10YRO-TEL------P	BZN	RO BZN	RO	6131.0	2022-03-01 02:46:06
2022-03-01 02:00:00.000	PT60M	10YSK-SEPS-----K	BZN	SK BZN	SK	3133.0	2022-03-01 04:16:52
2022-03-01 01:00:00.000	PT60M	10YSK-SEPS-----K	BZN	SK BZN	SK	3139.0	2022-03-01 03:16:23
2022-03-01 00:00:00.000	PT60M	10YSK-SEPS-----K	BZN	SK BZN	SK	3107.0	2022-03-01 02:16:15
2022-03-01 02:00:00.000	PT60M	10YSE-1--------K	CTA	SE CTA	SE	16666.0	2022-03-01 05:01:09
2022-03-01 01:00:00.000	PT60M	10YSE-1--------K	CTA	SE CTA	SE	16582.0	2022-03-01 04:01:07
2022-03-01 00:00:00.000	PT60M	10YSE-1--------K	CTA	SE CTA	SE	16735.0	2022-03-01 03:01:06
2022-03-01 01:00:00.000	PT15M	10Y1001A1001A83F	CTY	DE CTY	DE	50231.32	2022-03-01 17:16:07
2022-03-01 00:45:00.000	PT15M	10Y1001A1001A83F	CTY	DE CTY	DE	50274.77	2022-03-01 17:16:07
2022-03-01 00:30:00.000	PT15M	10Y1001A1001A83F	CTY	DE CTY	DE	49968.55	2022-03-01 17:16:07
2022-03-01 00:15:00.000	PT15M	10Y1001A1001A83F	CTY	DE CTY	DE	50327.23	2022-03-01 17:16:07
2022-03-01 00:00:00.000	PT15M	10Y1001A1001A83F	CTY	DE CTY	DE	50962.16	2022-03-01 17:16:07
2022-03-01 02:45:00.000	PT15M	10Y1001A1001A83F	CTY	DE CTY	DE	50777.3	2022-03-01 17:16:07
2022-03-01 02:30:00.000	PT15M	10Y1001A1001A83F	CTY	DE CTY	DE	50315.93	2022-03-01 17:16:07
2022-03-01 02:15:00.000	PT15M	10Y1001A1001A83F	CTY	DE CTY	DE	50060.56	2022-03-01 17:16:07
2022-03-01 02:00:00.000	PT15M	10Y1001A1001A83F	CTY	DE CTY	DE	50317.24	2022-03-01 17:16:07
2022-03-01 01:45:00.000	PT15M	10Y1001A1001A83F	CTY	DE CTY	DE	50291.69	2022-03-01 17:16:07
2022-03-01 01:30:00.000	PT15M	10Y1001A1001A83F	CTY	DE CTY	DE	49908.21	2022-03-01 17:16:07
2022-03-01 01:15:00.000	PT15M	10Y1001A1001A83F	CTY	DE CTY	DE	49994.64	2022-03-01 17:16:07
2022-03-01 02:00:00.000	PT60M	10Y1001C--00100H	CTY	XK CTY	XK	742.88	2022-03-01 10:31:14
2022-03-01 01:00:00.000	PT60M	10Y1001C--00100H	CTY	XK CTY	XK	788.96	2022-03-01 10:31:14
2022-03-01 00:00:00.000	PT60M	10Y1001C--00100H	CTY	XK CTY	XK	874.53	2022-03-01 10:31:14
2022-03-01 01:00:00.000	PT15M	10YAT-APG------L	CTY	AT CTY	AT	6363.6	2022-03-03 10:16:05
2022-03-01 00:45:00.000	PT15M	10YAT-APG------L	CTY	AT CTY	AT	6309.2	2022-03-03 10:16:05
2022-03-01 00:30:00.000	PT15M	10YAT-APG------L	CTY	AT CTY	AT	6367.2	2022-03-03 10:16:05
2022-03-01 00:15:00.000	PT15M	10YAT-APG------L	CTY	AT CTY	AT	6433.2	2022-03-03 10:16:05
2022-03-01 00:00:00.000	PT15M	10YAT-APG------L	CTY	AT CTY	AT	6494.0	2022-03-03 10:16:05
2022-03-01 02:45:00.000	PT15M	10YAT-APG------L	CTY	AT CTY	AT	6276.0	2022-03-03 10:16:05
2022-03-01 02:30:00.000	PT15M	10YAT-APG------L	CTY	AT CTY	AT	6259.6	2022-03-03 10:16:05
2022-03-01 02:15:00.000	PT15M	10YAT-APG------L	CTY	AT CTY	AT	6248.8	2022-03-03 10:16:05
2022-03-01 02:00:00.000	PT15M	10YAT-APG------L	CTY	AT CTY	AT	6258.8	2022-03-03 10:16:05
2022-03-01 01:45:00.000	PT15M	10YAT-APG------L	CTY	AT CTY	AT	6255.2	2022-03-03 10:16:05
2022-03-01 01:30:00.000	PT15M	10YAT-APG------L	CTY	AT CTY	AT	6291.2	2022-03-03 10:16:05
2022-03-01 01:15:00.000	PT15M	10YAT-APG------L	CTY	AT CTY	AT	6324.0	2022-03-03 10:16:05
2022-03-01 02:00:00.000	PT60M	10YCH-SWISSGRIDZ	CTY	CH CTY	CH	8182.98	2022-03-01 04:16:22
2022-03-01 01:00:00.000	PT60M	10YCH-SWISSGRIDZ	CTY	CH CTY	CH	8247.23	2022-03-01 03:16:08
2022-03-01 00:00:00.000	PT60M	10YCH-SWISSGRIDZ	CTY	CH CTY	CH	8078.92	2022-03-01 02:01:24
2022-03-01 02:00:00.000	PT60M	10YCS-CG-TSO---S	CTY	ME CTY	ME	257.05	2022-03-01 04:31:06
2022-03-01 01:00:00.000	PT60M	10YCS-CG-TSO---S	CTY	ME CTY	ME	265.19	2022-03-01 04:31:06
2022-03-01 00:00:00.000	PT60M	10YCS-CG-TSO---S	CTY	ME CTY	ME	292.33	2022-03-01 04:31:06
2022-03-01 02:00:00.000	PT60M	10YCS-SERBIATSOV	CTY	RS CTY	RS	3876.0	2022-03-02 08:01:24
2022-03-01 01:00:00.000	PT60M	10YCS-SERBIATSOV	CTY	RS CTY	RS	4047.0	2022-03-02 08:01:24
2022-03-01 00:00:00.000	PT60M	10YCS-SERBIATSOV	CTY	RS CTY	RS	4311.0	2022-03-02 08:01:24
2022-03-01 02:00:00.000	PT60M	10YLV-1001A00074	CTA	LV CTA	LV	687.0	2022-03-01 04:01:19
2022-03-01 01:00:00.000	PT60M	10YLV-1001A00074	CTA	LV CTA	LV	673.0	2022-03-01 03:01:19
2022-03-01 00:00:00.000	PT60M	10YLV-1001A00074	CTA	LV CTA	LV	676.0	2022-03-01 02:01:24
2022-03-01 02:00:00.000	PT60M	10YMK-MEPSO----8	CTA	MK CTA	MK	784.0	2022-03-02 11:16:27
2022-03-01 01:00:00.000	PT60M	10YMK-MEPSO----8	CTA	MK CTA	MK	814.0	2022-03-02 11:16:27
2022-03-01 00:00:00.000	PT60M	10YMK-MEPSO----8	CTA	MK CTA	MK	887.0	2022-03-02 11:16:27
2022-03-01 02:00:00.000	PT60M	10YPL-AREA-----S	CTA	PL CTA	PL	18561.8	2022-03-01 06:31:09
2022-03-01 01:00:00.000	PT60M	10YPL-AREA-----S	CTA	PL CTA	PL	18468.04	2022-03-01 06:31:09
2022-03-01 00:00:00.000	PT60M	10YPL-AREA-----S	CTA	PL CTA	PL	18699.81	2022-03-01 06:31:09
2022-03-01 02:00:00.000	PT60M	10YSI-ELES-----O	CTY	SI CTY	SI	1499.98	2022-03-01 05:01:10
2022-03-01 01:00:00.000	PT60M	10YSI-ELES-----O	CTY	SI CTY	SI	1469.12	2022-03-01 04:01:05
2022-03-01 00:00:00.000	PT60M	10YSI-ELES-----O	CTY	SI CTY	SI	1471.88	2022-03-01 03:01:07
2022-03-01 02:00:00.000	PT60M	10YGR-HTSO-----Y	BZN	GR BZN	GR	4753.0	2022-03-01 05:01:07
2022-03-01 01:00:00.000	PT60M	10YGR-HTSO-----Y	BZN	GR BZN	GR	4789.0	2022-03-01 04:01:04
2022-03-01 00:00:00.000	PT60M	10YGR-HTSO-----Y	BZN	GR BZN	GR	4902.0	2022-03-01 03:01:05
2022-03-01 01:00:00.000	PT15M	10YNL----------L	BZN	NL BZN	NL	10478.1	2022-03-01 02:46:08
2022-03-01 00:45:00.000	PT15M	10YNL----------L	BZN	NL BZN	NL	10321.78	2022-03-01 02:31:06
2022-03-01 00:30:00.000	PT15M	10YNL----------L	BZN	NL BZN	NL	10361.22	2022-03-01 02:16:04
2022-03-01 00:15:00.000	PT15M	10YNL----------L	BZN	NL BZN	NL	10647.92	2022-03-01 02:16:04
2022-03-01 00:00:00.000	PT15M	10YNL----------L	BZN	NL BZN	NL	10874.57	2022-03-01 01:46:07
2022-03-01 02:45:00.000	PT15M	10YNL----------L	BZN	NL BZN	NL	11017.6	2022-03-01 04:31:06
2022-03-01 02:30:00.000	PT15M	10YNL----------L	BZN	NL BZN	NL	10960.18	2022-03-01 04:16:11
2022-03-01 02:15:00.000	PT15M	10YNL----------L	BZN	NL BZN	NL	10867.35	2022-03-01 04:16:11
2022-03-01 02:00:00.000	PT15M	10YNL----------L	BZN	NL BZN	NL	10753.47	2022-03-01 03:46:09
2022-03-01 01:45:00.000	PT15M	10YNL----------L	BZN	NL BZN	NL	10741.29	2022-03-01 03:31:07
2022-03-01 01:30:00.000	PT15M	10YNL----------L	BZN	NL BZN	NL	10800.75	2022-03-01 03:16:04
2022-03-01 01:15:00.000	PT15M	10YNL----------L	BZN	NL BZN	NL	10695.2	2022-03-01 03:16:04
2022-03-01 02:00:00.000	PT60M	10YMK-MEPSO----8	CTY	MK CTY	MK	784.0	2022-03-02 11:16:27
2022-03-01 01:00:00.000	PT60M	10YMK-MEPSO----8	CTY	MK CTY	MK	814.0	2022-03-02 11:16:27
2022-03-01 00:00:00.000	PT60M	10YMK-MEPSO----8	CTY	MK CTY	MK	887.0	2022-03-02 11:16:27
2022-03-01 02:00:00.000	PT60M	10Y1001A1001B012	CTA	GE CTA	GE	1507.46	2022-03-01 05:16:16
2022-03-01 01:00:00.000	PT60M	10Y1001A1001B012	CTA	GE CTA	GE	1460.56	2022-03-01 04:16:44
2022-03-01 00:00:00.000	PT60M	10Y1001A1001B012	CTA	GE CTA	GE	1402.66	2022-03-01 03:16:18
2022-03-01 02:00:00.000	PT60M	10YCS-CG-TSO---S	CTA	ME CTA	ME	257.05	2022-03-01 04:31:06
2022-03-01 01:00:00.000	PT60M	10YCS-CG-TSO---S	CTA	ME CTA	ME	265.19	2022-03-01 04:31:06
2022-03-01 00:00:00.000	PT60M	10YCS-CG-TSO---S	CTA	ME CTA	ME	292.33	2022-03-01 04:31:06
2022-03-01 02:00:00.000	PT60M	10YES-REE------0	CTA	ES CTA	ES	22529.0	2022-03-01 04:31:02
2022-03-01 01:00:00.000	PT60M	10YES-REE------0	CTA	ES CTA	ES	22857.0	2022-03-01 03:31:03
2022-03-01 00:00:00.000	PT60M	10YES-REE------0	CTA	ES CTA	ES	23865.0	2022-03-01 02:31:00
2022-03-01 02:00:00.000	PT60M	10YFR-RTE------C	CTA	FR CTA	FR	55891.0	2022-03-01 05:01:17
2022-03-01 01:00:00.000	PT60M	10YFR-RTE------C	CTA	FR CTA	FR	57922.0	2022-03-01 03:46:05
2022-03-01 00:00:00.000	PT60M	10YFR-RTE------C	CTA	FR CTA	FR	58938.0	2022-03-01 02:46:04
2022-03-01 02:00:00.000	PT60M	10Y1001A1001A39I	BZN	EE BZN	EE	875.6	2022-03-01 04:16:59
2022-03-01 01:00:00.000	PT60M	10Y1001A1001A39I	BZN	EE BZN	EE	860.8	2022-03-01 03:16:36
2022-03-01 00:00:00.000	PT60M	10Y1001A1001A39I	BZN	EE BZN	EE	862.7	2022-03-01 02:16:20
2022-03-01 02:00:00.000	PT60M	10Y1001A1001A47J	BZN	SE4 BZN	SE4	2757.0	2022-03-01 05:01:08
2022-03-01 01:00:00.000	PT60M	10Y1001A1001A47J	BZN	SE4 BZN	SE4	2747.0	2022-03-01 04:01:06
2022-03-01 00:00:00.000	PT60M	10Y1001A1001A47J	BZN	SE4 BZN	SE4	2771.0	2022-03-01 03:01:06
2022-03-01 00:00:00.000	PT60M	10YHR-HEP------M	CTA	HR CTA	HR	1752.0	2022-03-02 11:16:04
2022-03-01 01:00:00.000	PT60M	10YHR-HEP------M	CTA	HR CTA	HR	1682.0	2022-03-01 03:46:01
2022-03-01 02:00:00.000	PT60M	10YHR-HEP------M	CTA	HR CTA	HR	1669.0	2022-03-02 11:16:04
2022-03-01 00:00:00.000	PT60M	10Y1001A1001A990	CTA	MD CTA	MD	486.0	2022-03-01 02:16:05
2022-03-01 01:00:00.000	PT60M	10Y1001A1001A990	CTA	MD CTA	MD	488.0	2022-03-01 03:16:09
2022-03-01 02:00:00.000	PT60M	10Y1001A1001A990	CTA	MD CTA	MD	490.0	2022-03-01 04:16:25
2022-03-01 01:15:00.000	PT15M	10YBE----------2	BZN	BE BZN	BE	9111.84	2022-03-01 15:46:04
2022-03-01 01:30:00.000	PT15M	10YBE----------2	BZN	BE BZN	BE	8996.88	2022-03-01 15:46:04
2022-03-01 01:45:00.000	PT15M	10YBE----------2	BZN	BE BZN	BE	9030.62	2022-03-01 15:46:04
2022-03-01 02:00:00.000	PT15M	10YBE----------2	BZN	BE BZN	BE	8971.18	2022-03-01 15:46:04
2022-03-01 02:15:00.000	PT15M	10YBE----------2	BZN	BE BZN	BE	9088.17	2022-03-01 15:46:04
2022-03-01 02:30:00.000	PT15M	10YBE----------2	BZN	BE BZN	BE	9040.54	2022-03-01 15:46:04
2022-03-01 02:45:00.000	PT15M	10YBE----------2	BZN	BE BZN	BE	9128.86	2022-03-01 15:46:04
2022-03-01 00:00:00.000	PT15M	10YBE----------2	BZN	BE BZN	BE	9592.63	2022-03-01 15:46:04
2022-03-01 00:15:00.000	PT15M	10YBE----------2	BZN	BE BZN	BE	9509.82	2022-03-01 15:46:04
2022-03-01 00:30:00.000	PT15M	10YBE----------2	BZN	BE BZN	BE	9431.0	2022-03-01 15:46:04
2022-03-01 00:45:00.000	PT15M	10YBE----------2	BZN	BE BZN	BE	9206.02	2022-03-01 15:46:04
2022-03-01 01:00:00.000	PT15M	10YBE----------2	BZN	BE BZN	BE	9047.9	2022-03-01 15:46:04
2022-03-01 00:00:00.000	PT60M	10YGR-HTSO-----Y	CTY	GR CTY	GR	4902.0	2022-03-01 03:01:04
2022-03-01 01:00:00.000	PT60M	10YGR-HTSO-----Y	CTY	GR CTY	GR	4789.0	2022-03-01 04:01:04
2022-03-01 02:00:00.000	PT60M	10YGR-HTSO-----Y	CTY	GR CTY	GR	4753.0	2022-03-01 05:01:07
2022-03-01 00:00:00.000	PT60M	10YNO-2--------T	BZN	NO2 BZN	NO2	4520.74	2022-03-01 03:01:08
2022-03-01 01:00:00.000	PT60M	10YNO-2--------T	BZN	NO2 BZN	NO2	4647.83	2022-03-01 04:01:08
2022-03-01 02:00:00.000	PT60M	10YNO-2--------T	BZN	NO2 BZN	NO2	4557.92	2022-03-01 05:01:09
2022-03-01 00:00:00.000	PT60M	10YSI-ELES-----O	CTA	SI CTA	SI	1471.88	2022-03-01 03:01:06
2022-03-01 01:00:00.000	PT60M	10YSI-ELES-----O	CTA	SI CTA	SI	1469.12	2022-03-01 04:01:05
2022-03-01 02:00:00.000	PT60M	10YSI-ELES-----O	CTA	SI CTA	SI	1499.98	2022-03-01 05:01:10
2022-03-01 00:00:00.000	PT60M	10YNO-4--------9	BZN	NO4 BZN	NO4	2230.76	2022-03-01 03:01:11
2022-03-01 01:00:00.000	PT60M	10YNO-4--------9	BZN	NO4 BZN	NO4	2178.55	2022-03-01 04:01:08
2022-03-01 02:00:00.000	PT60M	10YNO-4--------9	BZN	NO4 BZN	NO4	2229.56	2022-03-01 05:01:14
2022-03-01 00:00:00.000	PT60M	10Y1001A1001A73I	BZN	IT-North BZN	IT-NORTH	15605.0	2022-03-01 17:46:05
2022-03-01 01:00:00.000	PT60M	10Y1001A1001A73I	BZN	IT-North BZN	IT-NORTH	15221.0	2022-03-02 07:01:29
2022-03-01 02:00:00.000	PT60M	10Y1001A1001A73I	BZN	IT-North BZN	IT-NORTH	15183.0	2022-03-01 17:46:05
2022-03-01 00:00:00.000	PT60M	10Y1001A1001A39I	CTY	EE CTY	EE	862.7	2022-03-01 02:16:20
2022-03-01 01:00:00.000	PT60M	10Y1001A1001A39I	CTY	EE CTY	EE	860.8	2022-03-01 03:16:35
2022-03-01 02:00:00.000	PT60M	10Y1001A1001A39I	CTY	EE CTY	EE	875.6	2022-03-01 04:16:59
2022-03-01 02:30:00.000	PT30M	10YIE-1001A00010	CTY	IE CTY	IE	3163.91	2022-03-01 05:16:10
2022-03-01 00:00:00.000	PT30M	10YIE-1001A00010	CTY	IE CTY	IE	3489.92	2022-03-01 03:16:06
2022-03-01 00:30:00.000	PT30M	10YIE-1001A00010	CTY	IE CTY	IE	3404.53	2022-03-01 03:16:06
2022-03-01 01:00:00.000	PT30M	10YIE-1001A00010	CTY	IE CTY	IE	3319.02	2022-03-01 04:16:27
2022-03-01 01:30:00.000	PT30M	10YIE-1001A00010	CTY	IE CTY	IE	3244.37	2022-03-01 04:16:27
2022-03-01 02:00:00.000	PT30M	10YIE-1001A00010	CTY	IE CTY	IE	3188.79	2022-03-01 05:16:10
2022-03-01 02:30:00.000	PT30M	10YCY-1001A0003J	CTY	CY CTY	CY	342.12	2022-03-01 04:16:51
2022-03-01 00:00:00.000	PT30M	10YCY-1001A0003J	CTY	CY CTY	CY	340.39	2022-03-01 01:46:03
2022-03-01 00:30:00.000	PT30M	10YCY-1001A0003J	CTY	CY CTY	CY	333.85	2022-03-01 02:16:15
2022-03-01 01:00:00.000	PT30M	10YCY-1001A0003J	CTY	CY CTY	CY	331.83	2022-03-01 02:46:03
2022-03-01 01:30:00.000	PT30M	10YCY-1001A0003J	CTY	CY CTY	CY	330.64	2022-03-01 03:16:22
2022-03-01 02:00:00.000	PT30M	10YCY-1001A0003J	CTY	CY CTY	CY	335.55	2022-03-01 03:46:04
2022-03-01 00:00:00.000	PT60M	10Y1001C--00100H	CTA	XK CTA	XK	874.53	2022-03-01 10:31:14
2022-03-01 01:00:00.000	PT60M	10Y1001C--00100H	CTA	XK CTA	XK	788.96	2022-03-01 10:31:14
2022-03-01 02:00:00.000	PT60M	10Y1001C--00100H	CTA	XK CTA	XK	742.88	2022-03-01 10:31:14
2022-03-01 01:15:00.000	PT15M	10YHU-MAVIR----U	BZN	HU BZN	HU	4891.2	2022-03-01 02:46:05
2022-03-01 01:30:00.000	PT15M	10YHU-MAVIR----U	BZN	HU BZN	HU	4879.98	2022-03-01 03:01:14
2022-03-01 01:45:00.000	PT15M	10YHU-MAVIR----U	BZN	HU BZN	HU	4830.51	2022-03-01 03:16:27
2022-03-01 02:00:00.000	PT15M	10YHU-MAVIR----U	BZN	HU BZN	HU	4814.19	2022-03-01 03:31:05
2022-03-01 02:15:00.000	PT15M	10YHU-MAVIR----U	BZN	HU BZN	HU	4784.86	2022-03-01 03:46:06
2022-03-01 02:30:00.000	PT15M	10YHU-MAVIR----U	BZN	HU BZN	HU	4804.77	2022-03-01 04:01:13
2022-03-01 02:45:00.000	PT15M	10YHU-MAVIR----U	BZN	HU BZN	HU	4796.09	2022-03-01 04:16:54
2022-03-01 00:00:00.000	PT15M	10YHU-MAVIR----U	BZN	HU BZN	HU	5145.01	2022-03-01 01:30:59
2022-03-01 00:15:00.000	PT15M	10YHU-MAVIR----U	BZN	HU BZN	HU	5055.62	2022-03-01 01:46:05
2022-03-01 00:30:00.000	PT15M	10YHU-MAVIR----U	BZN	HU BZN	HU	5054.87	2022-03-01 02:01:21
2022-03-01 00:45:00.000	PT15M	10YHU-MAVIR----U	BZN	HU BZN	HU	4990.11	2022-03-01 02:16:16
2022-03-01 01:00:00.000	PT15M	10YHU-MAVIR----U	BZN	HU BZN	HU	4941.22	2022-03-01 02:31:05
2022-03-01 00:00:00.000	PT60M	10YFR-RTE------C	BZN	FR BZN	FR	58938.0	2022-03-01 02:46:04
2022-03-01 01:00:00.000	PT60M	10YFR-RTE------C	BZN	FR BZN	FR	57922.0	2022-03-01 03:46:05
2022-03-01 02:00:00.000	PT60M	10YFR-RTE------C	BZN	FR BZN	FR	55891.0	2022-03-01 05:01:17
2022-03-01 00:00:00.000	PT60M	10YSK-SEPS-----K	CTA	SK CTA	SK	3107.0	2022-03-01 02:16:15
2022-03-01 01:00:00.000	PT60M	10YSK-SEPS-----K	CTA	SK CTA	SK	3139.0	2022-03-01 03:16:23
2022-03-01 02:00:00.000	PT60M	10YSK-SEPS-----K	CTA	SK CTA	SK	3133.0	2022-03-01 04:16:52
2022-03-01 01:00:00.000	PT15M	10Y1001A1001A82H	BZN	DE-LU BZN	DE_LU	50641.53	2022-03-01 17:16:07
2022-03-01 01:00:00.000	PT60M	10YCH-SWISSGRIDZ	CTA	CH CTA	CH	8247.23	2022-03-01 03:16:06
2022-03-01 01:15:00.000	PT15M	10Y1001A1001A82H	BZN	DE-LU BZN	DE_LU	50397.43	2022-03-01 17:16:07
2022-03-01 01:30:00.000	PT15M	10Y1001A1001A82H	BZN	DE-LU BZN	DE_LU	50319.17	2022-03-01 17:16:07
2022-03-01 01:45:00.000	PT15M	10Y1001A1001A82H	BZN	DE-LU BZN	DE_LU	50741.82	2022-03-01 17:16:07
2022-03-01 02:00:00.000	PT15M	10Y1001A1001A82H	BZN	DE-LU BZN	DE_LU	50747.4	2022-03-01 17:16:07
2022-03-01 02:00:00.000	PT60M	10YCH-SWISSGRIDZ	CTA	CH CTA	CH	8182.98	2022-03-01 04:16:21
2022-03-01 02:15:00.000	PT15M	10Y1001A1001A82H	BZN	DE-LU BZN	DE_LU	50491.0	2022-03-01 17:16:07
2022-03-01 02:30:00.000	PT15M	10Y1001A1001A82H	BZN	DE-LU BZN	DE_LU	50764.24	2022-03-01 17:16:07
2022-03-01 02:45:00.000	PT15M	10Y1001A1001A82H	BZN	DE-LU BZN	DE_LU	51198.09	2022-03-01 17:16:07
2022-03-01 00:00:00.000	PT15M	10Y1001A1001A82H	BZN	DE-LU BZN	DE_LU	51379.13	2022-03-01 17:16:07
2022-03-01 00:00:00.000	PT60M	10YCH-SWISSGRIDZ	CTA	CH CTA	CH	8078.92	2022-03-01 02:01:24
2022-03-01 00:15:00.000	PT15M	10Y1001A1001A82H	BZN	DE-LU BZN	DE_LU	50735.3	2022-03-01 17:16:07
2022-03-01 00:30:00.000	PT15M	10Y1001A1001A82H	BZN	DE-LU BZN	DE_LU	50403.23	2022-03-01 17:16:07
2022-03-01 00:45:00.000	PT15M	10Y1001A1001A82H	BZN	DE-LU BZN	DE_LU	50680.79	2022-03-01 17:16:07
2022-03-01 01:00:00.000	PT15M	10YRO-TEL------P	CTY	RO CTY	RO	6123.0	2022-03-01 02:31:03
2022-03-01 01:15:00.000	PT15M	10YRO-TEL------P	CTY	RO CTY	RO	6131.0	2022-03-01 02:46:06
2022-03-01 01:30:00.000	PT15M	10YRO-TEL------P	CTY	RO CTY	RO	6159.0	2022-03-01 03:01:15
2022-03-01 01:45:00.000	PT15M	10YRO-TEL------P	CTY	RO CTY	RO	6102.0	2022-03-01 03:16:30
2022-03-01 01:00:00.000	PT60M	10YPT-REN------W	CTA	PT CTA	PT	4803.1	2022-03-05 14:19:13
2022-03-01 02:00:00.000	PT15M	10YRO-TEL------P	CTY	RO CTY	RO	6079.0	2022-03-01 03:31:04
2022-03-01 02:15:00.000	PT15M	10YRO-TEL------P	CTY	RO CTY	RO	6140.0	2022-03-01 03:46:07
2022-03-01 02:30:00.000	PT15M	10YRO-TEL------P	CTY	RO CTY	RO	6220.0	2022-03-01 04:01:14
2022-03-01 02:45:00.000	PT15M	10YRO-TEL------P	CTY	RO CTY	RO	6284.0	2022-03-01 04:16:56
2022-03-01 02:00:00.000	PT60M	10YPT-REN------W	CTA	PT CTA	PT	4597.4	2022-03-05 14:19:13
2022-03-01 00:00:00.000	PT15M	10YRO-TEL------P	CTY	RO CTY	RO	6141.0	2022-03-01 01:30:57
2022-03-01 00:15:00.000	PT15M	10YRO-TEL------P	CTY	RO CTY	RO	6165.0	2022-03-01 01:46:05
2022-03-01 00:30:00.000	PT15M	10YRO-TEL------P	CTY	RO CTY	RO	6180.0	2022-03-01 02:01:20
2022-03-01 00:45:00.000	PT15M	10YRO-TEL------P	CTY	RO CTY	RO	6166.0	2022-03-01 02:16:17
2022-03-01 00:00:00.000	PT60M	10YPT-REN------W	CTA	PT CTA	PT	5119.9	2022-03-05 14:19:13
2022-03-01 01:15:00.000	PT15M	10YDE-EON------1	CTA	DE(TenneT DE) CTA	DE_TenneT_GER	13679.72	2022-03-01 08:02:06
2022-03-01 01:30:00.000	PT15M	10YDE-EON------1	CTA	DE(TenneT DE) CTA	DE_TenneT_GER	13587.81	2022-03-01 08:02:06
2022-03-01 01:45:00.000	PT15M	10YDE-EON------1	CTA	DE(TenneT DE) CTA	DE_TenneT_GER	13468.82	2022-03-01 08:02:06
2022-03-01 02:00:00.000	PT15M	10YDE-EON------1	CTA	DE(TenneT DE) CTA	DE_TenneT_GER	13616.43	2022-03-01 08:02:06
2022-03-01 02:15:00.000	PT15M	10YDE-EON------1	CTA	DE(TenneT DE) CTA	DE_TenneT_GER	13640.94	2022-03-01 08:02:06
2022-03-01 02:30:00.000	PT15M	10YDE-EON------1	CTA	DE(TenneT DE) CTA	DE_TenneT_GER	13622.92	2022-03-01 08:02:06
2022-03-01 02:45:00.000	PT15M	10YDE-EON------1	CTA	DE(TenneT DE) CTA	DE_TenneT_GER	14001.79	2022-03-01 08:02:06
2022-03-01 00:00:00.000	PT15M	10YDE-EON------1	CTA	DE(TenneT DE) CTA	DE_TenneT_GER	14308.53	2022-03-01 08:02:06
2022-03-01 00:15:00.000	PT15M	10YDE-EON------1	CTA	DE(TenneT DE) CTA	DE_TenneT_GER	14119.47	2022-03-01 08:02:06
2022-03-01 00:30:00.000	PT15M	10YDE-EON------1	CTA	DE(TenneT DE) CTA	DE_TenneT_GER	13930.04	2022-03-01 08:02:06
2022-03-01 00:45:00.000	PT15M	10YDE-EON------1	CTA	DE(TenneT DE) CTA	DE_TenneT_GER	13914.15	2022-03-01 08:02:06
2022-03-01 01:00:00.000	PT15M	10YDE-EON------1	CTA	DE(TenneT DE) CTA	DE_TenneT_GER	13808.93	2022-03-01 08:02:06
2022-03-01 02:30:00.000	PT30M	10YCY-1001A0003J	CTA	CY CTA	CY	342.12	2022-03-01 04:16:51
2022-03-01 00:00:00.000	PT30M	10YCY-1001A0003J	CTA	CY CTA	CY	340.39	2022-03-01 01:46:03
2022-03-01 00:30:00.000	PT30M	10YCY-1001A0003J	CTA	CY CTA	CY	333.85	2022-03-01 02:16:15
2022-03-01 01:00:00.000	PT30M	10YCY-1001A0003J	CTA	CY CTA	CY	331.83	2022-03-01 02:46:03
2022-03-01 01:30:00.000	PT30M	10YCY-1001A0003J	CTA	CY CTA	CY	330.64	2022-03-01 03:16:21
2022-03-01 02:00:00.000	PT30M	10YCY-1001A0003J	CTA	CY CTA	CY	335.55	2022-03-01 03:46:04
2022-03-01 00:00:00.000	PT60M	10YNO-0--------C	CTA	NO CTA	NO	16177.98	2022-03-01 03:01:08
2022-03-01 01:00:00.000	PT60M	10YNO-0--------C	CTA	NO CTA	NO	16090.2	2022-03-01 04:01:08
2022-03-01 02:00:00.000	PT60M	10YNO-0--------C	CTA	NO CTA	NO	16005.96	2022-03-01 05:01:10
2022-03-01 00:00:00.000	PT60M	10YFI-1--------U	CTY	FI CTY	FI	9197.9	2022-03-01 02:01:24
2022-03-01 01:00:00.000	PT60M	10YFI-1--------U	CTY	FI CTY	FI	9139.7	2022-03-01 03:01:18
2022-03-01 02:00:00.000	PT60M	10YFI-1--------U	CTY	FI CTY	FI	9281.6	2022-03-01 04:01:18
2022-03-01 00:00:00.000	PT60M	10YCZ-CEPS-----N	BZN	CZ BZN	CZ	7851.4	2022-03-01 02:16:09
2022-03-01 01:00:00.000	PT60M	10YCZ-CEPS-----N	BZN	CZ BZN	CZ	7706.14	2022-03-01 03:16:16
2022-03-01 02:00:00.000	PT60M	10YCZ-CEPS-----N	BZN	CZ BZN	CZ	7695.63	2022-03-01 04:16:48
2022-03-01 00:00:00.000	PT60M	10YLT-1001A0008Q	CTY	LT CTY	LT	1208.43	2022-03-01 02:16:16
2022-03-01 01:00:00.000	PT60M	10YLT-1001A0008Q	CTY	LT CTY	LT	1209.45	2022-03-01 03:16:25
2022-03-01 02:00:00.000	PT60M	10YLT-1001A0008Q	CTY	LT CTY	LT	1223.13	2022-03-01 04:16:52
2022-03-01 00:00:00.000	PT60M	10YNO-0--------C	CTY	NO CTY	NO	16177.98	2022-03-01 03:01:08
2022-03-01 01:00:00.000	PT60M	10YNO-0--------C	CTY	NO CTY	NO	16090.2	2022-03-01 04:01:09
2022-03-01 02:00:00.000	PT60M	10YNO-0--------C	CTY	NO CTY	NO	16005.96	2022-03-01 05:01:10
2022-03-01 00:00:00.000	PT60M	10Y1001A1001A990	CTY	MD CTY	MD	486.0	2022-03-01 02:16:05
2022-03-01 01:00:00.000	PT60M	10Y1001A1001A990	CTY	MD CTY	MD	488.0	2022-03-01 03:16:09
2022-03-01 02:00:00.000	PT60M	10Y1001A1001A990	CTY	MD CTY	MD	490.0	2022-03-01 04:16:25
2022-03-01 02:00:00.000	PT60M	10YPT-REN------W	BZN	PT BZN	PT	4597.4	2022-03-05 14:19:18
2022-03-01 00:00:00.000	PT60M	10Y1001A1001A990	BZN	MD BZN	MD	486.0	2022-03-01 02:16:04
2022-03-01 00:00:00.000	PT60M	10YPT-REN------W	BZN	PT BZN	PT	5119.9	2022-03-05 14:19:18
2022-03-01 01:00:00.000	PT60M	10Y1001A1001A990	BZN	MD BZN	MD	488.0	2022-03-01 03:16:07
2022-03-01 01:00:00.000	PT60M	10YPT-REN------W	BZN	PT BZN	PT	4803.1	2022-03-05 14:19:18
2022-03-01 02:00:00.000	PT60M	10Y1001A1001A990	BZN	MD BZN	MD	490.0	2022-03-01 04:16:22
2022-03-01 02:00:00.000	PT60M	10Y1001A1001A44P	BZN	SE1 BZN	SE1	1352.0	2022-03-01 05:01:08
2022-03-01 01:15:00.000	PT15M	10YHU-MAVIR----U	CTY	HU CTY	HU	4891.2	2022-03-01 02:46:05
2022-03-01 00:00:00.000	PT60M	10Y1001A1001A44P	BZN	SE1 BZN	SE1	1235.0	2022-03-01 03:01:05
2022-03-01 01:30:00.000	PT15M	10YHU-MAVIR----U	CTY	HU CTY	HU	4879.98	2022-03-01 03:01:14
2022-03-01 01:45:00.000	PT15M	10YHU-MAVIR----U	CTY	HU CTY	HU	4830.51	2022-03-01 03:16:28
2022-03-01 02:00:00.000	PT15M	10YHU-MAVIR----U	CTY	HU CTY	HU	4814.19	2022-03-01 03:31:05
2022-03-01 02:15:00.000	PT15M	10YHU-MAVIR----U	CTY	HU CTY	HU	4784.86	2022-03-01 03:46:06
2022-03-01 01:00:00.000	PT60M	10Y1001A1001A44P	BZN	SE1 BZN	SE1	1243.0	2022-03-01 04:01:06
2022-03-01 02:30:00.000	PT15M	10YHU-MAVIR----U	CTY	HU CTY	HU	4804.77	2022-03-01 04:01:14
2022-03-01 02:45:00.000	PT15M	10YHU-MAVIR----U	CTY	HU CTY	HU	4796.09	2022-03-01 04:16:54
2022-03-01 00:00:00.000	PT15M	10YHU-MAVIR----U	CTY	HU CTY	HU	5145.01	2022-03-01 01:30:59
2022-03-01 00:15:00.000	PT15M	10YHU-MAVIR----U	CTY	HU CTY	HU	5055.62	2022-03-01 01:46:05
2022-03-01 00:30:00.000	PT15M	10YHU-MAVIR----U	CTY	HU CTY	HU	5054.87	2022-03-01 02:01:21
2022-03-01 00:45:00.000	PT15M	10YHU-MAVIR----U	CTY	HU CTY	HU	4990.11	2022-03-01 02:16:16
2022-03-01 01:00:00.000	PT15M	10YHU-MAVIR----U	CTY	HU CTY	HU	4941.22	2022-03-01 02:31:05
2022-03-01 00:00:00.000	PT60M	10Y1001A1001A74G	BZN	IT-Sardinia BZN	IT-Sardinia	762.0	2022-03-01 17:46:05
2022-03-01 01:00:00.000	PT60M	10Y1001A1001A74G	BZN	IT-Sardinia BZN	IT-Sardinia	743.0	2022-03-01 17:46:05
2022-03-01 02:00:00.000	PT60M	10Y1001A1001A74G	BZN	IT-Sardinia BZN	IT-Sardinia	734.0	2022-03-01 17:46:05
2022-03-01 00:00:00.000	PT60M	10YDK-2--------M	BZN	DK2 BZN	DK2	1456.74	2022-03-01 02:46:08
2022-03-01 01:00:00.000	PT60M	10YDK-2--------M	BZN	DK2 BZN	DK2	1427.17	2022-03-01 03:46:09
2022-03-01 02:00:00.000	PT60M	10YDK-2--------M	BZN	DK2 BZN	DK2	1413.33	2022-03-01 04:46:09
2022-03-01 00:00:00.000	PT60M	10Y1001A1001A39I	CTA	EE CTA	EE	862.7	2022-03-01 02:16:20
2022-03-01 01:00:00.000	PT60M	10Y1001A1001A39I	CTA	EE CTA	EE	860.8	2022-03-01 03:16:35
2022-03-01 02:00:00.000	PT60M	10Y1001A1001A39I	CTA	EE CTA	EE	875.6	2022-03-01 04:16:59
2022-03-01 00:00:00.000	PT60M	10YFI-1--------U	BZN	FI BZN	FI	9197.9	2022-03-01 02:01:24
2022-03-01 01:00:00.000	PT60M	10YFI-1--------U	BZN	FI BZN	FI	9139.7	2022-03-01 03:01:18
2022-03-01 02:00:00.000	PT60M	10YFI-1--------U	BZN	FI BZN	FI	9281.6	2022-03-01 04:01:17
2022-03-01 02:00:00.000	PT60M	10YFR-RTE------C	CTY	FR CTY	FR	55891.0	2022-03-01 05:01:17
2022-03-01 00:00:00.000	PT60M	10YIT-GRTN-----B	CTA	IT CTA	IT	26890.0	2022-03-02 07:16:03
2022-03-01 00:00:00.000	PT60M	10YFR-RTE------C	CTY	FR CTY	FR	58938.0	2022-03-01 02:46:04
2022-03-01 01:00:00.000	PT60M	10YIT-GRTN-----B	CTA	IT CTA	IT	25986.0	2022-03-02 07:16:03
2022-03-01 01:00:00.000	PT60M	10YFR-RTE------C	CTY	FR CTY	FR	57922.0	2022-03-01 03:46:05
2022-03-01 02:00:00.000	PT60M	10YIT-GRTN-----B	CTA	IT CTA	IT	25854.0	2022-03-02 07:16:03
2022-03-01 00:00:00.000	PT60M	10YES-REE------0	CTY	ES CTY	ES	23865.0	2022-03-01 02:31:01
2022-03-01 01:00:00.000	PT60M	10YES-REE------0	CTY	ES CTY	ES	22857.0	2022-03-01 03:31:03
2022-03-01 02:00:00.000	PT60M	10YES-REE------0	CTY	ES CTY	ES	22529.0	2022-03-01 04:31:02
2022-03-01 00:00:00.000	PT60M	10YLT-1001A0008Q	BZN	LT BZN	LT	1208.43	2022-03-01 02:16:16
2022-03-01 01:00:00.000	PT60M	10YLT-1001A0008Q	BZN	LT BZN	LT	1209.45	2022-03-01 03:16:24
2022-03-01 02:00:00.000	PT60M	10YLT-1001A0008Q	BZN	LT BZN	LT	1223.13	2022-03-01 04:16:52
2022-03-01 00:00:00.000	PT60M	10YIT-GRTN-----B	CTY	IT CTY	IT	26890.0	2022-03-02 07:16:04
2022-03-01 01:00:00.000	PT60M	10YIT-GRTN-----B	CTY	IT CTY	IT	25986.0	2022-03-02 07:16:04
2022-03-01 02:00:00.000	PT60M	10YIT-GRTN-----B	CTY	IT CTY	IT	25854.0	2022-03-02 07:16:04
2022-03-01 01:15:00.000	PT15M	10YDE-ENBW-----N	CTA	DE(TransnetBW) CTA	DE_TransnetBW	7027.6	2022-03-01 02:46:01
2022-03-01 01:30:00.000	PT15M	10YDE-ENBW-----N	CTA	DE(TransnetBW) CTA	DE_TransnetBW	7066.41	2022-03-01 03:01:05
2022-03-01 01:45:00.000	PT15M	10YDE-ENBW-----N	CTA	DE(TransnetBW) CTA	DE_TransnetBW	7087.09	2022-03-01 03:16:14
2022-03-01 02:00:00.000	PT15M	10YDE-ENBW-----N	CTA	DE(TransnetBW) CTA	DE_TransnetBW	7037.34	2022-03-01 03:31:02
2022-03-01 02:15:00.000	PT15M	10YDE-ENBW-----N	CTA	DE(TransnetBW) CTA	DE_TransnetBW	7080.72	2022-03-01 03:46:03
2022-03-01 02:30:00.000	PT15M	10YDE-ENBW-----N	CTA	DE(TransnetBW) CTA	DE_TransnetBW	7110.3	2022-03-01 04:01:05
2022-03-01 02:45:00.000	PT15M	10YDE-ENBW-----N	CTA	DE(TransnetBW) CTA	DE_TransnetBW	7144.27	2022-03-01 04:16:38
2022-03-01 00:00:00.000	PT15M	10YDE-ENBW-----N	CTA	DE(TransnetBW) CTA	DE_TransnetBW	7148.92	2022-03-01 01:30:56
2022-03-01 00:15:00.000	PT15M	10YDE-ENBW-----N	CTA	DE(TransnetBW) CTA	DE_TransnetBW	7111.23	2022-03-01 01:46:01
2022-03-01 00:30:00.000	PT15M	10YDE-ENBW-----N	CTA	DE(TransnetBW) CTA	DE_TransnetBW	7047.13	2022-03-01 02:01:13
2022-03-01 00:45:00.000	PT15M	10YDE-ENBW-----N	CTA	DE(TransnetBW) CTA	DE_TransnetBW	7060.41	2022-03-01 02:16:07
2022-03-01 01:00:00.000	PT15M	10YDE-ENBW-----N	CTA	DE(TransnetBW) CTA	DE_TransnetBW	7081.81	2022-03-01 02:31:00
2022-03-01 00:00:00.000	PT60M	10YCZ-CEPS-----N	CTA	CZ CTA	CZ	7851.4	2022-03-01 02:16:07
2022-03-01 01:00:00.000	PT60M	10YCZ-CEPS-----N	CTA	CZ CTA	CZ	7706.14	2022-03-01 03:16:16
2022-03-01 02:00:00.000	PT60M	10YCZ-CEPS-----N	CTA	CZ CTA	CZ	7695.63	2022-03-01 04:16:41
2022-03-01 00:00:00.000	PT60M	10Y1001A1001A46L	BZN	SE3 BZN	SE3	10814.0	2022-03-01 03:01:06
2022-03-01 01:00:00.000	PT60M	10Y1001A1001A46L	BZN	SE3 BZN	SE3	10661.0	2022-03-01 04:01:06
2022-03-01 02:00:00.000	PT60M	10Y1001A1001A46L	BZN	SE3 BZN	SE3	10681.0	2022-03-01 05:01:08
2022-03-01 01:00:00.000	PT60M	10YFI-1--------U	CTA	FI CTA	FI	9139.7	2022-03-01 03:01:18
2022-03-01 01:00:00.000	PT15M	10YBE----------2	CTA	BE CTA	BE	9047.9	2022-03-01 15:46:03
2022-03-01 01:15:00.000	PT15M	10YBE----------2	CTA	BE CTA	BE	9111.84	2022-03-01 15:46:03
2022-03-01 01:30:00.000	PT15M	10YBE----------2	CTA	BE CTA	BE	8996.88	2022-03-01 15:46:03
2022-03-01 01:45:00.000	PT15M	10YBE----------2	CTA	BE CTA	BE	9030.62	2022-03-01 15:46:03
2022-03-01 02:00:00.000	PT60M	10YFI-1--------U	CTA	FI CTA	FI	9281.6	2022-03-01 04:01:17
2022-03-01 02:00:00.000	PT15M	10YBE----------2	CTA	BE CTA	BE	8971.18	2022-03-01 15:46:03
2022-03-01 02:15:00.000	PT15M	10YBE----------2	CTA	BE CTA	BE	9088.17	2022-03-01 15:46:03
2022-03-01 02:30:00.000	PT15M	10YBE----------2	CTA	BE CTA	BE	9040.54	2022-03-01 15:46:03
2022-03-01 02:45:00.000	PT15M	10YBE----------2	CTA	BE CTA	BE	9128.86	2022-03-01 15:46:03
2022-03-01 00:00:00.000	PT60M	10YFI-1--------U	CTA	FI CTA	FI	9197.9	2022-03-01 02:01:24
2022-03-01 00:00:00.000	PT15M	10YBE----------2	CTA	BE CTA	BE	9592.63	2022-03-01 15:46:03
2022-03-01 00:15:00.000	PT15M	10YBE----------2	CTA	BE CTA	BE	9509.82	2022-03-01 15:46:03
2022-03-01 00:30:00.000	PT15M	10YBE----------2	CTA	BE CTA	BE	9431.0	2022-03-01 15:46:03
2022-03-01 00:45:00.000	PT15M	10YBE----------2	CTA	BE CTA	BE	9206.02	2022-03-01 15:46:03
2022-03-01 01:15:00.000	PT15M	10YAT-APG------L	CTA	AT CTA	AT	6324.0	2022-03-03 10:16:04
2022-03-01 01:30:00.000	PT15M	10YAT-APG------L	CTA	AT CTA	AT	6291.2	2022-03-03 10:16:04
2022-03-01 01:45:00.000	PT15M	10YAT-APG------L	CTA	AT CTA	AT	6255.2	2022-03-03 10:16:04
2022-03-01 02:00:00.000	PT15M	10YAT-APG------L	CTA	AT CTA	AT	6258.8	2022-03-03 10:16:04
2022-03-01 02:15:00.000	PT15M	10YAT-APG------L	CTA	AT CTA	AT	6248.8	2022-03-03 10:16:04
2022-03-01 02:30:00.000	PT15M	10YAT-APG------L	CTA	AT CTA	AT	6259.6	2022-03-03 10:16:04
2022-03-01 02:45:00.000	PT15M	10YAT-APG------L	CTA	AT CTA	AT	6276.0	2022-03-03 10:16:04
2022-03-01 00:00:00.000	PT15M	10YAT-APG------L	CTA	AT CTA	AT	6494.0	2022-03-03 10:16:04
2022-03-01 00:15:00.000	PT15M	10YAT-APG------L	CTA	AT CTA	AT	6433.2	2022-03-03 10:16:04
2022-03-01 00:30:00.000	PT15M	10YAT-APG------L	CTA	AT CTA	AT	6367.2	2022-03-03 10:16:04
2022-03-01 00:45:00.000	PT15M	10YAT-APG------L	CTA	AT CTA	AT	6309.2	2022-03-03 10:16:04
2022-03-01 01:00:00.000	PT15M	10YAT-APG------L	CTA	AT CTA	AT	6363.6	2022-03-03 10:16:04
2022-03-01 01:15:00.000	PT15M	10YNL----------L	CTY	NL CTY	NL	10695.2	2022-03-01 03:16:04
2022-03-01 01:30:00.000	PT15M	10YNL----------L	CTY	NL CTY	NL	10800.75	2022-03-01 03:16:04
2022-03-01 01:45:00.000	PT15M	10YNL----------L	CTY	NL CTY	NL	10741.29	2022-03-01 03:31:07
2022-03-01 02:00:00.000	PT15M	10YNL----------L	CTY	NL CTY	NL	10753.47	2022-03-01 03:46:09
2022-03-01 02:15:00.000	PT15M	10YNL----------L	CTY	NL CTY	NL	10867.35	2022-03-01 04:16:12
2022-03-01 02:30:00.000	PT15M	10YNL----------L	CTY	NL CTY	NL	10960.18	2022-03-01 04:16:12
2022-03-01 02:45:00.000	PT15M	10YNL----------L	CTY	NL CTY	NL	11017.6	2022-03-01 04:31:07
2022-03-01 00:00:00.000	PT15M	10YNL----------L	CTY	NL CTY	NL	10874.57	2022-03-01 01:46:08
2022-03-01 00:15:00.000	PT15M	10YNL----------L	CTY	NL CTY	NL	10647.92	2022-03-01 02:16:04
2022-03-01 00:30:00.000	PT15M	10YNL----------L	CTY	NL CTY	NL	10361.22	2022-03-01 02:16:04
2022-03-01 00:45:00.000	PT15M	10YNL----------L	CTY	NL CTY	NL	10321.78	2022-03-01 02:31:07
2022-03-01 01:00:00.000	PT15M	10YNL----------L	CTY	NL CTY	NL	10478.1	2022-03-01 02:46:08
2022-03-01 00:00:00.000	PT60M	10YCS-CG-TSO---S	BZN	ME BZN	ME	292.33	2022-03-01 04:31:06
2022-03-01 01:00:00.000	PT60M	10YCS-CG-TSO---S	BZN	ME BZN	ME	265.19	2022-03-01 04:31:06
2022-03-01 02:00:00.000	PT60M	10YCS-CG-TSO---S	BZN	ME BZN	ME	257.05	2022-03-01 04:31:06
2022-03-01 02:30:00.000	PT30M	10YCY-1001A0003J	BZN	CY BZN	CY	342.12	2022-03-01 04:16:51
2022-03-01 00:00:00.000	PT30M	10YCY-1001A0003J	BZN	CY BZN	CY	340.39	2022-03-01 01:46:03
2022-03-01 00:30:00.000	PT30M	10YCY-1001A0003J	BZN	CY BZN	CY	333.85	2022-03-01 02:16:15
2022-03-01 01:00:00.000	PT30M	10YCY-1001A0003J	BZN	CY BZN	CY	331.83	2022-03-01 02:46:03
2022-03-01 01:30:00.000	PT30M	10YCY-1001A0003J	BZN	CY BZN	CY	330.64	2022-03-01 03:16:22
2022-03-01 02:00:00.000	PT30M	10YCY-1001A0003J	BZN	CY BZN	CY	335.55	2022-03-01 03:46:04
2022-03-01 00:00:00.000	PT60M	10Y1001A1001A796	CTA	DK CTA	DK	3698.58	2022-03-01 03:01:03
2022-03-01 01:00:00.000	PT60M	10Y1001A1001A796	CTA	DK CTA	DK	3695.01	2022-03-01 04:01:03
2022-03-01 02:00:00.000	PT60M	10Y1001A1001A796	CTA	DK CTA	DK	3657.27	2022-03-01 05:01:07
2022-03-01 00:00:00.000	PT60M	10YPL-AREA-----S	CTY	PL CTY	PL	18699.81	2022-03-01 06:31:10
2022-03-01 01:00:00.000	PT60M	10YPL-AREA-----S	CTY	PL CTY	PL	18468.04	2022-03-01 06:31:10
2022-03-01 02:00:00.000	PT60M	10YPL-AREA-----S	CTY	PL CTY	PL	18561.8	2022-03-01 06:31:10
2022-03-01 00:00:00.000	PT60M	10YHR-HEP------M	BZN	HR BZN	HR	1752.0	2022-03-02 11:16:05
2022-03-01 01:00:00.000	PT60M	10YHR-HEP------M	BZN	HR BZN	HR	1682.0	2022-03-01 03:46:02
2022-03-01 02:00:00.000	PT60M	10YHR-HEP------M	BZN	HR BZN	HR	1669.0	2022-03-02 11:16:05
2022-03-01 01:15:00.000	PT15M	10YDE-VE-------2	CTA	DE(50Hertz) CTA	DE_50HzT	10155.1	2022-03-01 02:46:08
2022-03-01 01:30:00.000	PT15M	10YDE-VE-------2	CTA	DE(50Hertz) CTA	DE_50HzT	10210.9	2022-03-01 03:01:18
2022-03-01 01:45:00.000	PT15M	10YDE-VE-------2	CTA	DE(50Hertz) CTA	DE_50HzT	10498.1	2022-03-01 03:16:38
2022-03-01 02:00:00.000	PT15M	10YDE-VE-------2	CTA	DE(50Hertz) CTA	DE_50HzT	10555.0	2022-03-01 03:31:06
2022-03-01 02:15:00.000	PT15M	10YDE-VE-------2	CTA	DE(50Hertz) CTA	DE_50HzT	10329.8	2022-03-01 03:46:09
2022-03-01 02:30:00.000	PT15M	10YDE-VE-------2	CTA	DE(50Hertz) CTA	DE_50HzT	10408.9	2022-03-01 04:01:17
2022-03-01 02:45:00.000	PT15M	10YDE-VE-------2	CTA	DE(50Hertz) CTA	DE_50HzT	10466.9	2022-03-01 04:17:01
2022-03-01 00:00:00.000	PT15M	10YDE-VE-------2	CTA	DE(50Hertz) CTA	DE_50HzT	10396.4	2022-03-01 01:31:00
2022-03-01 00:15:00.000	PT15M	10YDE-VE-------2	CTA	DE(50Hertz) CTA	DE_50HzT	10199.1	2022-03-01 01:46:07
2022-03-01 00:30:00.000	PT15M	10YDE-VE-------2	CTA	DE(50Hertz) CTA	DE_50HzT	10085.2	2022-03-01 02:01:23
2022-03-01 00:45:00.000	PT15M	10YDE-VE-------2	CTA	DE(50Hertz) CTA	DE_50HzT	10167.0	2022-03-01 02:16:22
2022-03-01 01:00:00.000	PT15M	10YDE-VE-------2	CTA	DE(50Hertz) CTA	DE_50HzT	10224.6	2022-03-01 02:31:06
2022-03-01 00:00:00.000	PT60M	10YPL-AREA-----S	BZN	PL BZN	PL	18699.81	2022-03-01 06:31:10
2022-03-01 01:00:00.000	PT60M	10YPL-AREA-----S	BZN	PL BZN	PL	18468.04	2022-03-01 06:31:10
2022-03-01 02:00:00.000	PT60M	10YPL-AREA-----S	BZN	PL BZN	PL	18561.8	2022-03-01 06:31:10
2022-03-01 00:00:00.000	PT60M	10YLV-1001A00074	BZN	LV BZN	LV	676.0	2022-03-01 02:01:25
2022-03-01 01:00:00.000	PT60M	10YLV-1001A00074	BZN	LV BZN	LV	673.0	2022-03-01 03:16:03
2022-03-01 02:00:00.000	PT60M	10YLV-1001A00074	BZN	LV BZN	LV	687.0	2022-03-01 04:16:02
2022-03-01 00:00:00.000	PT60M	10YLT-1001A0008Q	CTA	LT CTA	LT	1208.43	2022-03-01 02:16:15
2022-03-01 01:00:00.000	PT60M	10YLT-1001A0008Q	CTA	LT CTA	LT	1209.45	2022-03-01 03:16:24
2022-03-01 02:00:00.000	PT60M	10YLT-1001A0008Q	CTA	LT CTA	LT	1223.13	2022-03-01 04:16:52
2022-03-01 01:15:00.000	PT15M	10YRO-TEL------P	CTA	RO CTA	RO	6131.0	2022-03-01 02:46:05
2022-03-01 01:30:00.000	PT15M	10YRO-TEL------P	CTA	RO CTA	RO	6159.0	2022-03-01 03:01:15
2022-03-01 01:45:00.000	PT15M	10YRO-TEL------P	CTA	RO CTA	RO	6102.0	2022-03-01 03:16:29
2022-03-01 02:00:00.000	PT15M	10YRO-TEL------P	CTA	RO CTA	RO	6079.0	2022-03-01 03:31:04
2022-03-01 02:15:00.000	PT15M	10YRO-TEL------P	CTA	RO CTA	RO	6140.0	2022-03-01 03:46:06
2022-03-01 02:30:00.000	PT15M	10YRO-TEL------P	CTA	RO CTA	RO	6220.0	2022-03-01 04:01:14
2022-03-01 02:45:00.000	PT15M	10YRO-TEL------P	CTA	RO CTA	RO	6284.0	2022-03-01 04:16:56
2022-03-01 00:00:00.000	PT15M	10YRO-TEL------P	CTA	RO CTA	RO	6141.0	2022-03-01 01:30:57
2022-03-01 00:15:00.000	PT15M	10YRO-TEL------P	CTA	RO CTA	RO	6165.0	2022-03-01 01:46:05
2022-03-01 00:30:00.000	PT15M	10YRO-TEL------P	CTA	RO CTA	RO	6180.0	2022-03-01 02:01:20
2022-03-01 00:45:00.000	PT15M	10YRO-TEL------P	CTA	RO CTA	RO	6166.0	2022-03-01 02:16:17
2022-03-01 01:00:00.000	PT15M	10YRO-TEL------P	CTA	RO CTA	RO	6123.0	2022-03-01 02:31:03
2022-03-01 00:00:00.000	PT60M	10Y1001A1001A71M	BZN	IT-Centre-South BZN	IT-CSOUTH	4565.0	2022-03-01 17:46:05
2022-03-01 01:00:00.000	PT60M	10Y1001A1001A71M	BZN	IT-Centre-South BZN	IT-CSOUTH	4353.0	2022-03-01 17:46:05
2022-03-01 02:00:00.000	PT60M	10Y1001A1001A71M	BZN	IT-Centre-South BZN	IT-CSOUTH	4302.0	2022-03-01 17:46:05
2022-03-01 00:00:00.000	PT60M	10Y1001C--00096J	BZN	IT-Calabria BZN	IT-Calabria	385.0	2022-03-01 17:46:05
2022-03-01 01:00:00.000	PT60M	10Y1001C--00096J	BZN	IT-Calabria BZN	IT-Calabria	388.0	2022-03-01 17:46:05
2022-03-01 02:00:00.000	PT60M	10Y1001C--00096J	BZN	IT-Calabria BZN	IT-Calabria	387.0	2022-03-01 17:46:05
2022-03-01 00:00:00.000	PT60M	10Y1001A1001A75E	BZN	IT-Sicily BZN	IT-Sicily	1530.0	2022-03-01 17:46:05
2022-03-01 01:00:00.000	PT60M	10Y1001A1001A75E	BZN	IT-Sicily BZN	IT-Sicily	1445.0	2022-03-02 07:01:29
2022-03-01 02:00:00.000	PT60M	10Y1001A1001A75E	BZN	IT-Sicily BZN	IT-Sicily	1444.0	2022-03-02 07:01:29
2022-03-01 02:30:00.000	PT30M	10YIE-1001A00010	CTA	IE CTA	IE	3163.91	2022-03-01 05:16:09
2022-03-01 00:00:00.000	PT30M	10YIE-1001A00010	CTA	IE CTA	IE	3489.92	2022-03-01 03:16:05
2022-03-01 00:30:00.000	PT30M	10YIE-1001A00010	CTA	IE CTA	IE	3404.53	2022-03-01 03:16:05
2022-03-01 01:00:00.000	PT30M	10YIE-1001A00010	CTA	IE CTA	IE	3319.02	2022-03-01 04:16:25
2022-03-01 01:30:00.000	PT30M	10YIE-1001A00010	CTA	IE CTA	IE	3244.37	2022-03-01 04:16:25
2022-03-01 02:00:00.000	PT30M	10YIE-1001A00010	CTA	IE CTA	IE	3188.79	2022-03-01 05:16:09
2022-03-01 00:00:00.000	PT60M	10YSK-SEPS-----K	CTY	SK CTY	SK	3107.0	2022-03-01 02:16:15
2022-03-01 01:00:00.000	PT60M	10YSK-SEPS-----K	CTY	SK CTY	SK	3139.0	2022-03-01 03:16:24
2022-03-01 02:00:00.000	PT60M	10YSK-SEPS-----K	CTY	SK CTY	SK	3133.0	2022-03-01 04:16:52
2022-03-01 01:15:00.000	PT15M	10YHU-MAVIR----U	CTA	HU CTA	HU	4891.2	2022-03-01 02:46:05
2022-03-01 01:30:00.000	PT15M	10YHU-MAVIR----U	CTA	HU CTA	HU	4879.98	2022-03-01 03:01:14
2022-03-01 01:45:00.000	PT15M	10YHU-MAVIR----U	CTA	HU CTA	HU	4830.51	2022-03-01 03:16:26
2022-03-01 02:00:00.000	PT15M	10YHU-MAVIR----U	CTA	HU CTA	HU	4814.19	2022-03-01 03:31:04
2022-03-01 02:15:00.000	PT15M	10YHU-MAVIR----U	CTA	HU CTA	HU	4784.86	2022-03-01 03:46:05
2022-03-01 02:30:00.000	PT15M	10YHU-MAVIR----U	CTA	HU CTA	HU	4804.77	2022-03-01 04:01:13
2022-03-01 02:45:00.000	PT15M	10YHU-MAVIR----U	CTA	HU CTA	HU	4796.09	2022-03-01 04:16:53
2022-03-01 00:00:00.000	PT15M	10YHU-MAVIR----U	CTA	HU CTA	HU	5145.01	2022-03-01 01:30:59
2022-03-01 00:15:00.000	PT15M	10YHU-MAVIR----U	CTA	HU CTA	HU	5055.62	2022-03-01 01:46:05
2022-03-01 00:30:00.000	PT15M	10YHU-MAVIR----U	CTA	HU CTA	HU	5054.87	2022-03-01 02:01:20
2022-03-01 00:45:00.000	PT15M	10YHU-MAVIR----U	CTA	HU CTA	HU	4990.11	2022-03-01 02:16:16
2022-03-01 01:00:00.000	PT15M	10YHU-MAVIR----U	CTA	HU CTA	HU	4941.22	2022-03-01 02:31:05
2022-03-01 00:00:00.000	PT60M	10YNO-1--------2	BZN	NO1 BZN	NO1	4042.75	2022-03-01 03:01:09
2022-03-01 01:00:00.000	PT60M	10YNO-1--------2	BZN	NO1 BZN	NO1	3970.25	2022-03-01 04:01:08
2022-03-01 02:00:00.000	PT60M	10YNO-1--------2	BZN	NO1 BZN	NO1	3941.63	2022-03-01 05:01:09
2022-03-01 00:00:00.000	PT60M	10Y1001A1001B012	CTY	GE CTY	GE	1402.66	2022-03-01 03:16:20
2022-03-01 01:00:00.000	PT60M	10Y1001A1001B012	CTY	GE CTY	GE	1460.56	2022-03-01 04:16:49
2022-03-01 02:00:00.000	PT60M	10Y1001A1001B012	CTY	GE CTY	GE	1507.46	2022-03-01 05:16:16
2022-03-01 01:15:00.000	PT15M	10YLU-CEGEDEL-NQ	CTA	LU CTA	LU	402.79	2022-03-01 02:46:00
2022-03-01 01:30:00.000	PT15M	10YLU-CEGEDEL-NQ	CTA	LU CTA	LU	410.96	2022-03-01 03:01:04
2022-03-01 01:45:00.000	PT15M	10YLU-CEGEDEL-NQ	CTA	LU CTA	LU	450.13	2022-03-01 03:16:13
2022-03-01 02:00:00.000	PT15M	10YLU-CEGEDEL-NQ	CTA	LU CTA	LU	430.16	2022-03-01 03:31:01
2022-03-01 02:15:00.000	PT15M	10YLU-CEGEDEL-NQ	CTA	LU CTA	LU	430.44	2022-03-01 03:46:02
2022-03-01 02:30:00.000	PT15M	10YLU-CEGEDEL-NQ	CTA	LU CTA	LU	448.31	2022-03-01 04:01:04
2022-03-01 02:45:00.000	PT15M	10YLU-CEGEDEL-NQ	CTA	LU CTA	LU	420.79	2022-03-01 04:16:37
2022-03-01 00:00:00.000	PT15M	10YLU-CEGEDEL-NQ	CTA	LU CTA	LU	416.97	2022-03-01 01:30:56
2022-03-01 00:15:00.000	PT15M	10YLU-CEGEDEL-NQ	CTA	LU CTA	LU	408.07	2022-03-01 01:46:00
2022-03-01 00:30:00.000	PT15M	10YLU-CEGEDEL-NQ	CTA	LU CTA	LU	434.68	2022-03-01 02:01:10
2022-03-01 00:45:00.000	PT15M	10YLU-CEGEDEL-NQ	CTA	LU CTA	LU	406.02	2022-03-01 02:16:06
2022-03-01 01:00:00.000	PT15M	10YLU-CEGEDEL-NQ	CTA	LU CTA	LU	410.21	2022-03-01 02:30:59
2022-03-01 00:00:00.000	PT60M	10YCH-SWISSGRIDZ	BZN	CH BZN	CH	8078.92	2022-03-01 02:01:24
2022-03-01 01:00:00.000	PT60M	10YCH-SWISSGRIDZ	BZN	CH BZN	CH	8247.23	2022-03-01 03:16:07
2022-03-01 02:00:00.000	PT60M	10YCH-SWISSGRIDZ	BZN	CH BZN	CH	8182.98	2022-03-01 04:16:22
2022-03-01 00:00:00.000	PT60M	10Y1001A1001A65H	CTY	DK CTY	DK	3698.58	2022-03-01 03:01:03
2022-03-01 01:00:00.000	PT60M	10Y1001A1001A65H	CTY	DK CTY	DK	3695.01	2022-03-01 04:01:03
2022-03-01 02:00:00.000	PT60M	10Y1001A1001A65H	CTY	DK CTY	DK	3657.27	2022-03-01 05:01:06
2022-03-01 00:00:00.000	PT60M	10YCA-BULGARIA-R	CTA	BG CTA	BG	4513.0	2022-03-02 10:16:33
2022-03-01 01:00:00.000	PT60M	10YCA-BULGARIA-R	CTA	BG CTA	BG	4486.0	2022-03-02 10:16:33
2022-03-01 02:00:00.000	PT60M	10YCA-BULGARIA-R	CTA	BG CTA	BG	4535.0	2022-03-02 10:16:33
2022-03-01 00:00:00.000	PT60M	10YCA-BULGARIA-R	BZN	BG BZN	BG	4513.0	2022-03-02 10:16:34
2022-03-01 01:00:00.000	PT60M	10YCA-BULGARIA-R	BZN	BG BZN	BG	4486.0	2022-03-02 10:16:34
2022-03-01 02:00:00.000	PT60M	10YCA-BULGARIA-R	BZN	BG BZN	BG	4535.0	2022-03-02 10:16:34
2022-03-01 01:15:00.000	PT15M	10YNL----------L	CTA	NL CTA	NL	10695.2	2022-03-01 03:16:02
2022-03-01 01:30:00.000	PT15M	10YNL----------L	CTA	NL CTA	NL	10800.75	2022-03-01 03:16:02
2022-03-01 01:45:00.000	PT15M	10YNL----------L	CTA	NL CTA	NL	10741.29	2022-03-01 03:31:07
2022-03-01 02:00:00.000	PT15M	10YNL----------L	CTA	NL CTA	NL	10753.47	2022-03-01 03:46:09
2022-03-01 02:15:00.000	PT15M	10YNL----------L	CTA	NL CTA	NL	10867.35	2022-03-01 04:16:09
2022-03-01 02:30:00.000	PT15M	10YNL----------L	CTA	NL CTA	NL	10960.18	2022-03-01 04:16:09
2022-03-01 02:45:00.000	PT15M	10YNL----------L	CTA	NL CTA	NL	11017.6	2022-03-01 04:31:06
2022-03-01 00:00:00.000	PT15M	10YNL----------L	CTA	NL CTA	NL	10874.57	2022-03-01 01:46:07
2022-03-01 00:15:00.000	PT15M	10YNL----------L	CTA	NL CTA	NL	10647.92	2022-03-01 02:16:03
2022-03-01 00:30:00.000	PT15M	10YNL----------L	CTA	NL CTA	NL	10361.22	2022-03-01 02:16:03
2022-03-01 00:45:00.000	PT15M	10YNL----------L	CTA	NL CTA	NL	10321.78	2022-03-01 02:31:06
2022-03-01 01:00:00.000	PT15M	10YNL----------L	CTA	NL CTA	NL	10478.1	2022-03-01 02:46:08
2022-03-01 00:00:00.000	PT60M	10YMK-MEPSO----8	BZN	MK BZN	MK	887.0	2022-03-02 11:16:28
2022-03-01 01:00:00.000	PT60M	10YMK-MEPSO----8	BZN	MK BZN	MK	814.0	2022-03-02 11:16:28
2022-03-01 02:00:00.000	PT60M	10YMK-MEPSO----8	BZN	MK BZN	MK	784.0	2022-03-02 11:16:28
2022-03-01 00:00:00.000	PT60M	10YSI-ELES-----O	BZN	SI BZN	SI	1471.88	2022-03-01 03:01:07
2022-03-01 01:00:00.000	PT60M	10YSI-ELES-----O	BZN	SI BZN	SI	1469.12	2022-03-01 04:01:05
2022-03-01 02:00:00.000	PT60M	10YSI-ELES-----O	BZN	SI BZN	SI	1499.98	2022-03-01 05:01:10
2022-03-01 00:00:00.000	PT60M	10Y1001A1001A45N	BZN	SE2 BZN	SE2	1915.0	2022-03-01 03:01:06
2022-03-01 01:00:00.000	PT60M	10Y1001A1001A45N	BZN	SE2 BZN	SE2	1931.0	2022-03-01 04:01:06
2022-03-01 02:00:00.000	PT60M	10Y1001A1001A45N	BZN	SE2 BZN	SE2	1876.0	2022-03-01 05:01:08
2022-03-01 01:15:00.000	PT15M	10YLU-CEGEDEL-NQ	CTY	LU CTY	LU	402.79	2022-03-01 02:46:01
2022-03-01 01:30:00.000	PT15M	10YLU-CEGEDEL-NQ	CTY	LU CTY	LU	410.96	2022-03-01 03:01:04
2022-03-01 01:45:00.000	PT15M	10YLU-CEGEDEL-NQ	CTY	LU CTY	LU	450.13	2022-03-01 03:16:14
2022-03-01 02:00:00.000	PT15M	10YLU-CEGEDEL-NQ	CTY	LU CTY	LU	430.16	2022-03-01 03:31:02
2022-03-01 02:15:00.000	PT15M	10YLU-CEGEDEL-NQ	CTY	LU CTY	LU	430.44	2022-03-01 03:46:02
2022-03-01 02:30:00.000	PT15M	10YLU-CEGEDEL-NQ	CTY	LU CTY	LU	448.31	2022-03-01 04:01:04
2022-03-01 02:45:00.000	PT15M	10YLU-CEGEDEL-NQ	CTY	LU CTY	LU	420.79	2022-03-01 04:16:37
2022-03-01 00:00:00.000	PT15M	10YLU-CEGEDEL-NQ	CTY	LU CTY	LU	416.97	2022-03-01 01:30:56
2022-03-01 00:15:00.000	PT15M	10YLU-CEGEDEL-NQ	CTY	LU CTY	LU	408.07	2022-03-01 01:46:00
2022-03-01 00:30:00.000	PT15M	10YLU-CEGEDEL-NQ	CTY	LU CTY	LU	434.68	2022-03-01 02:01:10
2022-03-01 00:45:00.000	PT15M	10YLU-CEGEDEL-NQ	CTY	LU CTY	LU	406.02	2022-03-01 02:16:06
2022-03-01 01:00:00.000	PT15M	10YLU-CEGEDEL-NQ	CTY	LU CTY	LU	410.21	2022-03-01 02:30:59
2022-03-01 00:00:00.000	PT60M	10Y1001A1001A788	BZN	IT-South BZN	IT-SOUTH	1731.0	2022-03-02 07:01:29
2022-03-01 01:00:00.000	PT60M	10Y1001A1001A788	BZN	IT-South BZN	IT-SOUTH	1608.0	2022-03-02 07:01:29
2022-03-01 02:00:00.000	PT60M	10Y1001A1001A788	BZN	IT-South BZN	IT-SOUTH	1585.0	2022-03-02 07:01:29
2022-03-01 01:15:00.000	PT15M	10YBE----------2	CTY	BE CTY	BE	9111.84	2022-03-01 15:46:04
2022-03-01 01:30:00.000	PT15M	10YBE----------2	CTY	BE CTY	BE	8996.88	2022-03-01 15:46:04
2022-03-01 01:45:00.000	PT15M	10YBE----------2	CTY	BE CTY	BE	9030.62	2022-03-01 15:46:04
2022-03-01 02:00:00.000	PT15M	10YBE----------2	CTY	BE CTY	BE	8971.18	2022-03-01 15:46:04
2022-03-01 02:15:00.000	PT15M	10YBE----------2	CTY	BE CTY	BE	9088.17	2022-03-01 15:46:04
2022-03-01 02:30:00.000	PT15M	10YBE----------2	CTY	BE CTY	BE	9040.54	2022-03-01 15:46:04
2022-03-01 02:45:00.000	PT15M	10YBE----------2	CTY	BE CTY	BE	9128.86	2022-03-01 15:46:04
2022-03-01 00:00:00.000	PT15M	10YBE----------2	CTY	BE CTY	BE	9592.63	2022-03-01 15:46:04
2022-03-01 00:15:00.000	PT15M	10YBE----------2	CTY	BE CTY	BE	9509.82	2022-03-01 15:46:04
2022-03-01 00:30:00.000	PT15M	10YBE----------2	CTY	BE CTY	BE	9431.0	2022-03-01 15:46:04
2022-03-01 00:45:00.000	PT15M	10YBE----------2	CTY	BE CTY	BE	9206.02	2022-03-01 15:46:04
2022-03-01 01:00:00.000	PT15M	10YBE----------2	CTY	BE CTY	BE	9047.9	2022-03-01 15:46:04
2022-03-01 00:00:00.000	PT60M	10YCA-BULGARIA-R	CTY	BG CTY	BG	4513.0	2022-03-02 10:16:34
2022-03-01 01:00:00.000	PT60M	10YCA-BULGARIA-R	CTY	BG CTY	BG	4486.0	2022-03-02 10:16:34
2022-03-01 02:00:00.000	PT60M	10YCA-BULGARIA-R	CTY	BG CTY	BG	4535.0	2022-03-02 10:16:34
2022-03-01 00:00:00.000	PT60M	10YLV-1001A00074	CTY	LV CTY	LV	676.0	2022-03-01 02:01:25
2022-03-01 01:00:00.000	PT60M	10YLV-1001A00074	CTY	LV CTY	LV	673.0	2022-03-01 03:16:03
2022-03-01 02:00:00.000	PT60M	10YLV-1001A00074	CTY	LV CTY	LV	687.0	2022-03-01 04:16:02
2022-03-01 00:00:00.000	PT60M	10YHR-HEP------M	CTY	HR CTY	HR	1752.0	2022-03-02 11:16:05
2022-03-01 01:00:00.000	PT60M	10YHR-HEP------M	CTY	HR CTY	HR	1682.0	2022-03-01 03:46:02
2022-03-01 02:00:00.000	PT60M	10YHR-HEP------M	CTY	HR CTY	HR	1669.0	2022-03-02 11:16:05
2022-03-01 01:15:00.000	PT15M	10YDE-RWENET---I	CTA	DE(Amprion) CTA	DE_Amprion	19132.22	2022-03-01 17:16:27
2022-03-01 01:30:00.000	PT15M	10YDE-RWENET---I	CTA	DE(Amprion) CTA	DE_Amprion	19043.09	2022-03-01 17:16:27
2022-03-01 01:45:00.000	PT15M	10YDE-RWENET---I	CTA	DE(Amprion) CTA	DE_Amprion	19237.68	2022-03-01 17:16:27
2022-03-01 02:00:00.000	PT15M	10YDE-RWENET---I	CTA	DE(Amprion) CTA	DE_Amprion	19108.47	2022-03-01 17:16:27
2022-03-01 02:15:00.000	PT15M	10YDE-RWENET---I	CTA	DE(Amprion) CTA	DE_Amprion	19009.1	2022-03-01 17:16:27
2022-03-01 02:30:00.000	PT15M	10YDE-RWENET---I	CTA	DE(Amprion) CTA	DE_Amprion	19173.81	2022-03-01 17:16:27
2022-03-01 02:45:00.000	PT15M	10YDE-RWENET---I	CTA	DE(Amprion) CTA	DE_Amprion	19164.34	2022-03-01 17:16:27
2022-03-01 00:00:00.000	PT15M	10YDE-RWENET---I	CTA	DE(Amprion) CTA	DE_Amprion	19108.31	2022-03-01 17:16:27
2022-03-01 00:15:00.000	PT15M	10YDE-RWENET---I	CTA	DE(Amprion) CTA	DE_Amprion	18897.43	2022-03-01 17:16:27
2022-03-01 00:30:00.000	PT15M	10YDE-RWENET---I	CTA	DE(Amprion) CTA	DE_Amprion	18906.18	2022-03-01 17:16:27
2022-03-01 00:45:00.000	PT15M	10YDE-RWENET---I	CTA	DE(Amprion) CTA	DE_Amprion	19133.21	2022-03-01 17:16:27
2022-03-01 01:00:00.000	PT15M	10YDE-RWENET---I	CTA	DE(Amprion) CTA	DE_Amprion	19115.98	2022-03-01 17:16:27
2022-03-01 00:00:00.000	PT60M	10YGR-HTSO-----Y	CTA	GR CTA	GR	4902.0	2022-03-01 03:01:04
2022-03-01 01:00:00.000	PT60M	10YGR-HTSO-----Y	CTA	GR CTA	GR	4789.0	2022-03-01 04:01:04
2022-03-01 02:00:00.000	PT60M	10YGR-HTSO-----Y	CTA	GR CTA	GR	4753.0	2022-03-01 05:01:07
2022-03-01 00:00:00.000	PT60M	10YSE-1--------K	CTY	SE CTY	SE	16735.0	2022-03-01 03:01:06
2022-03-01 01:00:00.000	PT60M	10YSE-1--------K	CTY	SE CTY	SE	16582.0	2022-03-01 04:01:06
2022-03-01 02:00:00.000	PT60M	10YSE-1--------K	CTY	SE CTY	SE	16666.0	2022-03-01 05:01:09
2022-03-01 00:00:00.000	PT60M	10YPT-REN------W	CTY	PT CTY	PT	5119.9	2022-03-05 14:19:18
2022-03-01 01:00:00.000	PT60M	10YPT-REN------W	CTY	PT CTY	PT	4803.1	2022-03-05 14:19:18
2022-03-01 02:00:00.000	PT60M	10YPT-REN------W	CTY	PT CTY	PT	4597.4	2022-03-05 14:19:18
2022-03-01 00:00:00.000	PT60M	10Y1001A1001A48H	BZN	NO5 BZN	NO5	2013.61	2022-03-01 03:01:08
2022-03-01 01:00:00.000	PT60M	10Y1001A1001A48H	BZN	NO5 BZN	NO5	1982.58	2022-03-01 04:01:08
2022-03-01 02:00:00.000	PT60M	10Y1001A1001A48H	BZN	NO5 BZN	NO5	1979.7	2022-03-01 05:01:09
2022-03-01 00:00:00.000	PT60M	10YES-REE------0	BZN	ES BZN	ES	23865.0	2022-03-01 02:31:00
2022-03-01 01:00:00.000	PT60M	10YES-REE------0	BZN	ES BZN	ES	22857.0	2022-03-01 03:31:03
2022-03-01 02:00:00.000	PT60M	10YES-REE------0	BZN	ES BZN	ES	22529.0	2022-03-01 04:31:02
2022-03-01 00:00:00.000	PT60M	10Y1001A1001A70O	BZN	IT-Centre-North BZN	IT-CNORTH	2312.0	2022-03-01 12:46:04
2022-03-01 01:00:00.000	PT60M	10Y1001A1001A70O	BZN	IT-Centre-North BZN	IT-CNORTH	2228.0	2022-03-01 12:46:04
2022-03-01 02:00:00.000	PT60M	10Y1001A1001A70O	BZN	IT-Centre-North BZN	IT-CNORTH	2219.0	2022-03-01 12:46:04
2022-03-01 00:00:00.000	PT60M	10Y1001C--00100H	BZN	XK BZN	XK	874.53	2022-03-01 10:31:14
2022-03-01 01:00:00.000	PT60M	10Y1001C--00100H	BZN	XK BZN	XK	788.96	2022-03-01 10:31:14
2022-03-01 02:00:00.000	PT60M	10Y1001C--00100H	BZN	XK BZN	XK	742.88	2022-03-01 10:31:14
2022-03-01 00:00:00.000	PT60M	10YCZ-CEPS-----N	CTY	CZ CTY	CZ	7851.4	2022-03-01 02:16:10
2022-03-01 01:00:00.000	PT60M	10YCZ-CEPS-----N	CTY	CZ CTY	CZ	7706.14	2022-03-01 03:16:16
2022-03-01 02:00:00.000	PT60M	10YCZ-CEPS-----N	CTY	CZ CTY	CZ	7695.63	2022-03-01 04:16:47
2022-03-01 00:00:00.000	PT60M	10YCS-SERBIATSOV	CTA	RS CTA	RS	4311.0	2022-03-02 08:01:24
2022-03-01 01:00:00.000	PT60M	10YCS-SERBIATSOV	CTA	RS CTA	RS	4047.0	2022-03-02 08:01:24
2022-03-01 02:00:00.000	PT60M	10YCS-SERBIATSOV	CTA	RS CTA	RS	3876.0	2022-03-02 08:01:24
